{"cameraMode":{"drawMode":0,"name":"Shaded","section":"Shading Mode"},"sceneLighting":true,"audioPlay":false,"sceneViewState":{"m_AlwaysRefresh":false,"showFog":true,"showSkybox":true,"showFlares":true,"showImageEffects":true,"showParticleSystems":true,"showVisualEffectGraphs":true,"m_FxEnabled":true},"in2DMode":false,"pivot":{"x":0.9272940754890442,"y":-0.49590569734573367,"z":-5.591993808746338},"rotation":{"x":-0.13499988615512849,"y":0.8649768233299255,"z":-0.33829164505004885,"w":-0.3451809585094452},"size":6.006857395172119,"orthographic":false}